{"Loss": 0.1270029991865158, "_runtime": 1023, "_timestamp": 1633407415, "_step": 3999, "Val Loss": 0.08148772269487381, "Acc": 80.65, "Val Acc": 80.9, "_wandb": {"runtime": 1022}}