{"Loss": 0.15972864627838135, "_runtime": 1049, "_timestamp": 1633408474, "_step": 3999, "Val Loss": 0.10293085128068924, "Acc": 80.65, "Val Acc": 80.9, "_wandb": {"runtime": 1048}}